order_id,user_id,amount,discount,status,timestamp
1,6,311.2,31.12,completed,2026-04-14T18:02:00
2,13,274.94,27.49,completed,2026-05-23T08:07:54
3,16,173.46,0.0,completed,2026-06-10T07:26:28
4,21,214.07,0.0,completed,2026-02-26T08:36:31
5,22,328.52,0.0,completed,2026-06-09T17:10:58
6,24,499.96,50.0,completed,2026-03-13T13:25:53
7,28,479.92,71.99,completed,2026-02-11T09:15:37
8,30,262.86,26.29,completed,2026-01-31T18:59:02
9,38,214.11,0.0,completed,2026-05-02T20:54:31
10,40,277.21,0.0,completed,2026-03-11T09:25:14
11,42,151.67,0.0,completed,2026-02-19T09:23:23
12,49,95.14,14.27,completed,2026-06-10T06:25:42
13,83,406.22,40.62,completed,2026-02-06T07:38:40
14,88,382.68,0.0,completed,2026-02-28T20:00:22
15,89,63.26,6.33,completed,2026-06-15T01:28:50
16,100,476.27,47.63,completed,2026-05-06T19:35:17
17,101,427.06,64.06,completed,2026-05-20T20:31:03
18,111,283.21,28.32,completed,2026-01-21T10:47:09
19,114,477.72,71.66,completed,2026-04-13T13:55:06
20,121,437.53,65.63,completed,2026-02-16T08:53:48
21,122,197.63,19.76,completed,2026-01-08T02:56:33
22,127,226.71,0.0,completed,2026-02-24T04:57:16
23,130,175.89,26.38,completed,2026-05-27T12:54:40
24,131,209.97,21.0,completed,2026-01-23T14:03:06
25,133,384.9,0.0,completed,2026-06-15T04:24:06
26,137,329.44,0.0,completed,2026-01-19T09:38:28
27,148,106.53,0.0,completed,2026-05-15T02:50:42
28,158,32.8,0.0,completed,2026-02-07T13:14:58
29,167,191.41,0.0,completed,2026-04-10T15:11:40
30,171,411.39,61.71,completed,2026-01-12T07:05:02
31,176,364.48,0.0,completed,2026-03-17T10:15:05
32,181,170.91,17.09,completed,2026-04-05T11:37:48
33,196,296.85,0.0,completed,2026-05-25T02:01:55
34,207,285.55,0.0,completed,2026-04-04T12:32:02
35,210,405.9,60.88,completed,2026-06-04T16:34:32
36,211,424.45,42.45,completed,2026-02-05T11:08:39
37,217,216.98,32.55,completed,2026-01-29T06:10:28
38,218,272.23,27.22,completed,2026-01-16T22:17:33
39,226,68.26,0.0,completed,2026-05-16T07:49:14
40,233,143.49,0.0,completed,2026-04-30T08:21:51
41,245,219.4,0.0,completed,2026-05-06T03:06:32
42,246,55.05,8.26,completed,2026-03-20T23:10:25
43,249,273.84,0.0,completed,2026-05-19T04:50:55
44,265,378.5,56.77,completed,2026-03-27T10:07:00
45,272,108.34,0.0,completed,2026-04-28T05:55:50
46,273,52.62,0.0,completed,2026-01-20T21:12:48
47,278,291.2,0.0,completed,2026-03-06T11:26:50
48,280,228.28,22.83,completed,2026-05-22T15:12:40
49,289,324.27,48.64,completed,2026-03-17T07:54:04
50,295,395.68,39.57,completed,2026-03-10T15:18:04
51,296,475.44,47.54,completed,2026-06-10T15:47:39
52,306,99.84,0.0,completed,2026-06-02T21:07:05
53,321,352.85,52.93,completed,2026-01-22T21:17:20
54,332,48.49,4.85,completed,2026-06-11T13:19:39
55,334,334.83,0.0,completed,2026-01-25T04:57:50
56,335,200.08,0.0,completed,2026-03-05T21:34:31
57,338,124.56,18.68,completed,2026-04-28T20:51:44
58,349,366.77,0.0,completed,2026-02-06T02:42:36
59,354,446.59,0.0,completed,2026-03-03T15:33:07
60,356,49.03,7.35,completed,2026-05-01T02:10:37
61,357,93.29,0.0,completed,2026-05-09T13:36:44
62,361,186.42,18.64,completed,2026-02-14T03:09:45
63,366,461.71,0.0,completed,2026-01-01T02:03:55
64,367,365.74,36.57,completed,2026-05-22T22:56:41
65,368,42.05,6.31,completed,2026-01-31T16:52:57
66,378,191.98,0.0,completed,2026-01-28T04:15:10
67,380,190.76,0.0,completed,2026-01-11T07:02:54
68,388,444.63,0.0,completed,2026-05-21T15:12:05
69,389,458.08,45.81,completed,2026-01-05T12:59:45
70,403,428.36,0.0,completed,2026-03-17T04:20:46
71,406,52.54,5.25,completed,2026-06-14T00:05:21
72,407,443.25,44.33,completed,2026-01-13T12:37:46
73,409,446.21,0.0,completed,2026-01-09T09:10:20
74,411,111.19,11.12,completed,2026-02-12T20:05:27
75,424,439.26,65.89,completed,2026-04-10T17:34:35
76,427,312.15,46.82,completed,2026-05-05T18:47:30
77,429,354.17,0.0,completed,2026-01-06T11:01:50
78,432,85.11,0.0,completed,2026-04-06T01:41:50
79,441,319.33,0.0,completed,2026-04-07T11:38:16
80,443,477.05,47.71,completed,2026-01-17T10:26:40
81,457,249.15,0.0,completed,2026-05-06T02:17:39
82,467,356.35,53.45,completed,2026-01-03T09:35:42
83,472,494.56,49.46,completed,2026-05-11T02:55:46
84,480,145.57,14.56,completed,2026-02-03T16:07:31
85,493,364.09,54.61,completed,2026-05-14T11:53:06
86,494,364.06,0.0,completed,2026-02-18T04:08:54
87,498,174.49,26.17,completed,2026-02-15T00:01:08
88,505,202.82,0.0,completed,2026-05-17T10:05:54
89,506,117.92,0.0,completed,2026-02-11T09:52:16
90,516,479.35,0.0,completed,2026-05-06T18:44:22
91,529,349.22,0.0,completed,2026-01-12T23:03:04
92,530,378.44,37.84,completed,2026-04-08T13:01:42
93,534,429.08,64.36,completed,2026-02-26T20:02:16
94,545,134.66,0.0,completed,2026-02-04T14:41:32
95,550,333.6,0.0,completed,2026-03-09T18:43:36
96,552,328.87,0.0,completed,2026-06-04T00:41:56
97,555,266.07,0.0,completed,2026-04-16T00:24:02
98,560,456.48,68.47,completed,2026-01-18T07:33:24
99,569,218.35,32.75,completed,2026-04-19T18:32:39
100,570,430.4,0.0,completed,2026-05-04T08:28:36
101,572,464.41,69.66,completed,2026-01-14T05:33:40
102,576,134.84,0.0,completed,2026-06-03T16:42:44
103,587,378.16,0.0,completed,2026-02-15T15:29:22
104,588,94.88,0.0,completed,2026-03-03T08:22:14
105,595,480.09,48.01,completed,2026-04-03T20:04:16
106,604,373.53,0.0,completed,2026-05-18T05:58:18
107,617,20.04,0.0,completed,2026-02-28T02:37:19
108,625,27.07,0.0,completed,2026-03-14T08:17:45
109,627,449.94,44.99,completed,2026-02-07T01:26:49
110,634,316.95,0.0,completed,2026-06-02T04:32:49
111,639,196.21,0.0,completed,2026-05-22T05:13:33
112,642,41.01,0.0,completed,2026-03-14T10:35:41
113,644,26.28,0.0,completed,2026-06-09T22:46:16
114,646,473.41,0.0,completed,2026-01-15T19:26:33
115,667,296.49,0.0,completed,2026-05-15T07:24:04
116,672,117.82,11.78,completed,2026-01-29T09:37:30
117,673,40.87,0.0,completed,2026-02-06T22:53:42
118,678,28.82,2.88,completed,2026-01-11T08:08:33
119,688,313.75,31.38,completed,2026-03-12T04:58:12
120,689,84.36,12.65,completed,2026-06-02T07:23:43
121,690,485.03,48.5,completed,2026-04-10T15:39:08
122,693,376.38,0.0,completed,2026-01-11T19:56:52
123,698,450.38,0.0,completed,2026-05-20T04:34:26
124,708,35.57,3.56,completed,2026-02-23T01:20:09
125,710,467.11,0.0,completed,2026-06-02T18:59:35
126,719,22.94,2.29,completed,2026-03-14T08:59:04
127,725,99.67,14.95,completed,2026-02-08T09:02:01
128,729,439.46,43.95,completed,2026-01-07T16:06:32
129,730,435.11,0.0,completed,2026-01-26T16:52:08
130,745,303.46,0.0,completed,2026-01-28T10:44:41
131,753,493.48,74.02,completed,2026-03-19T13:54:58
132,756,337.99,50.7,completed,2026-04-11T20:29:45
133,761,370.84,37.08,completed,2026-04-09T11:23:11
134,767,306.87,30.69,completed,2026-03-26T13:31:51
135,780,391.11,0.0,completed,2026-03-27T08:26:51
136,782,125.32,12.53,completed,2026-01-03T02:09:26
137,788,478.69,47.87,completed,2026-01-19T08:58:03
138,798,444.9,66.73,completed,2026-03-18T22:33:57
139,802,254.67,0.0,completed,2026-05-18T04:56:37
140,803,167.52,0.0,completed,2026-01-12T07:53:41
141,807,354.22,0.0,completed,2026-06-01T05:30:04
142,815,425.02,63.75,completed,2026-06-10T21:22:17
143,817,33.95,0.0,completed,2026-04-27T01:15:47
144,848,102.43,10.24,completed,2026-05-16T17:37:29
145,851,145.0,0.0,completed,2026-02-09T05:24:07
146,864,119.74,17.96,completed,2026-04-20T00:06:26
147,875,387.05,0.0,completed,2026-03-16T16:49:59
148,883,351.59,0.0,completed,2026-02-06T22:23:19
149,884,245.16,24.52,completed,2026-04-21T01:21:06
150,892,385.89,38.59,completed,2026-04-15T03:57:20
151,901,345.49,0.0,completed,2026-03-01T20:17:01
152,902,388.43,58.26,completed,2026-02-09T09:48:39
153,906,293.05,43.96,completed,2026-02-12T15:36:08
154,911,437.09,0.0,completed,2026-03-04T07:24:41
155,918,404.57,60.69,completed,2026-01-24T23:03:37
156,920,282.83,0.0,completed,2026-03-22T06:35:25
157,926,417.07,62.56,completed,2026-06-03T07:34:15
158,927,399.04,39.9,completed,2026-04-19T21:06:02
159,957,349.69,52.45,completed,2026-04-28T02:09:30
160,958,455.95,0.0,completed,2026-03-07T02:15:35
161,961,81.38,8.14,completed,2026-03-23T22:42:27
162,964,144.91,21.74,completed,2026-06-12T14:12:12
163,971,237.49,0.0,completed,2026-03-10T19:51:00
164,973,206.48,30.97,completed,2026-02-15T07:58:55
165,975,233.81,35.07,completed,2026-06-04T04:31:42
166,981,410.16,41.02,completed,2026-05-12T03:41:27
167,986,249.02,37.35,completed,2026-01-28T13:43:01
168,999,480.71,48.07,completed,2026-06-04T22:51:29
169,1004,496.96,49.7,completed,2026-03-28T13:16:39
170,1008,193.59,19.36,completed,2026-05-24T01:41:06
171,1013,24.78,0.0,completed,2026-04-28T16:59:43
172,1020,183.54,0.0,completed,2026-02-02T16:43:18
173,1029,223.24,33.49,completed,2026-05-31T17:42:49
174,1039,279.68,41.95,completed,2026-01-23T19:51:39
175,1045,203.37,0.0,completed,2026-05-06T00:30:27
176,1046,215.49,0.0,completed,2026-02-13T09:18:11
177,1047,448.65,44.87,completed,2026-02-16T00:54:03
178,1066,462.27,46.23,completed,2026-04-05T06:37:00
179,1077,320.14,0.0,completed,2026-04-19T03:07:15
180,1083,131.89,0.0,completed,2026-05-24T01:27:54
181,1087,300.57,30.06,completed,2026-06-08T14:20:15
182,1099,403.53,60.53,completed,2026-04-27T07:32:51
183,1100,307.78,0.0,completed,2026-02-06T04:59:12
184,1101,322.14,32.21,completed,2026-05-31T07:03:34
185,1102,51.14,7.67,completed,2026-05-30T15:22:46
186,1110,76.92,7.69,completed,2026-05-09T16:43:41
187,1119,213.62,21.36,completed,2026-05-08T22:02:22
188,1124,53.59,0.0,completed,2026-02-20T03:07:24
189,1136,326.66,49.0,completed,2026-04-15T14:19:16
190,1137,341.74,51.26,completed,2026-02-19T12:11:00
191,1144,413.85,0.0,completed,2026-04-06T07:21:05
192,1145,289.79,0.0,completed,2026-02-12T23:19:02
193,1146,213.03,21.3,completed,2026-04-12T13:16:14
194,1154,38.2,5.73,completed,2026-01-16T04:32:31
195,1161,325.09,32.51,completed,2026-03-04T13:20:38
196,1166,368.17,55.23,completed,2026-05-01T06:18:58
197,1168,229.42,22.94,completed,2026-04-15T02:07:07
198,1172,361.57,54.24,completed,2026-06-04T18:51:53
199,1179,144.49,21.67,completed,2026-05-26T06:20:12
200,1180,184.23,0.0,completed,2026-01-28T20:19:05
201,1193,135.63,0.0,completed,2026-05-21T14:19:57
202,1199,469.86,0.0,completed,2026-02-27T08:16:18
203,1200,426.62,63.99,completed,2026-03-22T12:45:47
204,1216,350.23,0.0,completed,2026-06-10T23:34:15
205,1218,264.68,0.0,completed,2026-04-05T00:16:07
206,1223,286.27,28.63,completed,2026-02-23T22:06:07
207,1234,348.31,52.25,completed,2026-04-22T12:10:38
208,1238,380.9,0.0,completed,2026-03-14T17:26:38
209,1240,373.0,0.0,completed,2026-01-03T21:41:45
210,1243,425.72,0.0,completed,2026-02-28T09:49:54
211,1249,44.44,6.67,completed,2026-05-15T07:20:04
212,1254,256.18,0.0,completed,2026-01-02T12:05:46
213,1257,192.43,0.0,completed,2026-04-23T22:02:28
214,1258,475.22,47.52,completed,2026-02-04T12:35:47
215,1262,316.45,0.0,completed,2026-01-03T13:39:18
216,1265,112.25,0.0,completed,2026-06-11T20:18:14
217,1276,141.21,14.12,completed,2026-02-21T17:55:09
218,1281,354.43,53.16,completed,2026-04-13T19:26:13
219,1282,127.49,0.0,completed,2026-03-08T10:03:14
220,1293,213.2,0.0,completed,2026-02-18T02:18:04
221,1295,26.48,0.0,completed,2026-01-12T04:24:49
222,1297,280.93,0.0,completed,2026-03-20T10:39:09
223,1299,441.92,66.29,completed,2026-01-07T07:36:24
224,1302,448.7,44.87,completed,2026-02-08T05:36:33
225,1315,248.88,0.0,completed,2026-01-07T22:36:23
226,1329,343.85,34.39,completed,2026-05-09T06:29:48
227,1330,301.45,0.0,completed,2026-01-26T17:00:49
228,1338,39.0,3.9,completed,2026-03-07T14:50:59
229,1342,241.89,0.0,completed,2026-03-16T12:19:36
230,1348,163.2,24.48,completed,2026-03-11T08:49:11
231,1359,387.24,0.0,completed,2026-04-27T13:35:22
232,1363,159.15,23.87,completed,2026-06-09T17:15:40
233,1373,321.87,0.0,completed,2026-03-08T17:19:20
234,1391,450.99,0.0,completed,2026-03-23T19:15:38
235,1393,191.72,0.0,completed,2026-04-01T12:10:07
236,1394,243.38,24.34,completed,2026-02-07T10:16:00
237,1397,151.72,0.0,completed,2026-03-23T10:21:12
238,1407,300.38,45.06,completed,2026-02-13T04:46:29
239,1421,147.77,0.0,completed,2026-01-13T20:24:07
240,1422,442.17,44.22,completed,2026-06-08T22:54:25
241,1426,346.02,0.0,completed,2026-05-02T13:30:01
242,1430,338.69,50.8,completed,2026-04-28T01:01:22
243,1464,36.36,5.45,completed,2026-02-07T00:27:29
244,1478,22.51,3.38,completed,2026-05-30T00:49:42
245,1496,302.54,0.0,completed,2026-04-05T11:21:21
246,1499,280.95,42.14,completed,2026-06-05T12:39:42
247,1502,488.45,0.0,completed,2026-04-16T22:48:31
248,1506,202.08,30.31,completed,2026-04-09T15:10:55
249,1523,414.89,62.23,completed,2026-04-24T03:41:04
250,1525,92.03,0.0,completed,2026-04-06T15:27:39
251,1536,257.22,0.0,completed,2026-03-29T10:16:05
252,1538,274.07,41.11,completed,2026-01-09T13:10:44
253,1546,410.71,0.0,completed,2026-04-20T09:29:24
254,1547,230.68,0.0,completed,2026-06-07T10:15:22
255,1554,180.96,27.14,completed,2026-04-01T02:56:50
256,1568,125.1,0.0,completed,2026-04-11T14:36:25
257,1571,50.46,0.0,completed,2026-04-08T02:58:45
258,1575,396.35,59.45,completed,2026-02-28T20:58:44
259,1579,334.9,50.23,completed,2026-05-12T23:10:19
260,1586,174.29,26.14,completed,2026-01-16T15:25:26
261,1589,269.57,0.0,completed,2026-01-21T03:36:44
262,1593,314.72,31.47,completed,2026-04-06T18:50:10
263,1596,278.11,27.81,completed,2026-02-08T15:13:00
264,1599,336.5,0.0,completed,2026-03-20T11:48:49
265,1602,123.89,0.0,completed,2026-06-07T22:07:30
266,1606,231.99,23.2,completed,2026-02-24T05:49:53
267,1607,341.62,51.24,completed,2026-04-22T20:31:11
268,1623,320.78,0.0,completed,2026-01-23T04:07:05
269,1627,190.47,19.05,completed,2026-03-11T06:20:18
270,1631,109.48,0.0,completed,2026-03-08T06:38:16
271,1639,45.82,0.0,completed,2026-05-15T06:45:48
272,1643,200.62,30.09,completed,2026-01-26T15:44:43
273,1645,254.39,0.0,completed,2026-03-14T21:55:55
274,1647,228.99,22.9,completed,2026-04-12T02:50:14
275,1652,309.75,46.46,completed,2026-04-13T13:58:03
276,1657,175.82,0.0,completed,2026-03-17T00:43:17
277,1658,368.86,55.33,completed,2026-01-10T17:56:25
278,1660,488.88,0.0,completed,2026-05-15T18:38:02
279,1667,175.81,0.0,completed,2026-04-29T19:59:40
280,1670,337.14,0.0,completed,2026-05-08T06:43:44
281,1683,63.66,6.37,completed,2026-04-15T00:29:39
282,1705,398.85,0.0,completed,2026-03-29T07:28:13
283,1712,299.01,44.85,completed,2026-01-17T04:42:19
284,1713,248.5,0.0,completed,2026-01-14T10:59:40
285,1723,397.19,0.0,completed,2026-06-06T06:45:43
286,1729,402.79,60.42,completed,2026-01-07T10:36:50
287,1741,180.2,0.0,completed,2026-01-09T17:04:51
288,1745,413.7,62.05,completed,2026-01-19T05:50:36
289,1746,92.24,0.0,completed,2026-03-17T00:48:53
290,1748,276.04,0.0,completed,2026-05-28T04:21:49
291,1752,303.3,0.0,completed,2026-02-23T12:12:28
292,1762,166.91,16.69,completed,2026-02-16T12:05:59
293,1774,36.37,0.0,completed,2026-04-09T20:12:50
294,1776,334.62,33.46,completed,2026-04-26T06:38:39
295,1784,316.73,0.0,completed,2026-05-16T05:32:10
296,1799,362.29,54.34,completed,2026-03-26T13:51:53
297,1806,239.18,23.92,completed,2026-01-07T20:30:06
298,1811,188.29,28.24,completed,2026-05-08T20:20:48
299,1812,328.31,32.83,completed,2026-02-13T10:10:07
300,1813,440.93,66.14,completed,2026-04-12T19:53:04
301,1817,29.97,4.5,completed,2026-02-27T14:50:51
302,1830,361.81,36.18,completed,2026-02-06T17:52:37
303,1831,490.3,0.0,completed,2026-01-19T19:13:33
304,1842,106.6,0.0,completed,2026-05-18T04:00:59
305,1844,480.99,72.15,completed,2026-04-25T03:51:35
306,1855,327.4,0.0,completed,2026-02-17T07:54:20
307,1862,399.77,0.0,completed,2026-02-02T21:53:14
308,1866,52.35,7.85,completed,2026-01-29T07:11:53
309,1870,230.66,34.6,completed,2026-03-16T16:13:14
310,1873,290.1,43.52,completed,2026-04-05T01:18:57
311,1875,379.07,56.86,completed,2026-05-02T18:50:24
312,1883,280.56,42.08,completed,2026-05-21T13:32:41
313,1884,204.46,30.67,completed,2026-06-09T13:12:12
314,1895,412.62,61.89,completed,2026-04-08T15:33:30
315,1896,197.58,0.0,completed,2026-01-06T15:51:36
316,1901,227.82,0.0,completed,2026-03-23T05:12:41
317,1905,112.59,11.26,completed,2026-04-19T13:54:21
318,1907,133.73,0.0,completed,2026-02-02T03:24:04
319,1914,280.16,0.0,completed,2026-02-17T16:09:05
320,1923,241.59,36.24,completed,2026-02-18T07:46:10
321,1926,150.03,0.0,completed,2026-02-14T04:46:11
322,1932,473.4,0.0,completed,2026-04-05T18:39:04
323,1943,385.94,0.0,completed,2026-01-03T09:25:13
324,1945,301.51,30.15,completed,2026-01-28T08:38:17
325,1948,362.56,54.38,completed,2026-03-24T18:57:36
326,1950,49.83,7.47,completed,2026-04-02T10:14:26
327,1953,437.83,43.78,completed,2026-02-27T15:11:02
328,1954,219.17,0.0,completed,2026-04-12T00:41:48
329,1955,196.7,0.0,completed,2026-02-23T07:46:31
330,1962,259.8,38.97,completed,2026-05-11T00:28:00
331,1965,96.55,0.0,completed,2026-01-03T09:08:00
332,1966,389.81,0.0,completed,2026-04-20T00:05:23
333,1977,160.38,24.06,completed,2026-03-30T13:20:37
334,1981,221.11,0.0,completed,2026-05-27T05:01:50
335,1988,392.51,0.0,completed,2026-01-25T06:10:01
336,1999,255.73,38.36,completed,2026-04-10T17:50:46
337,2005,356.98,0.0,completed,2026-04-05T20:43:06
338,2009,378.39,56.76,completed,2026-05-30T13:16:35
339,2019,447.99,0.0,completed,2026-05-08T02:36:38
340,2032,284.33,42.65,completed,2026-03-29T04:25:38
341,2035,404.62,0.0,completed,2026-05-02T13:33:20
342,2036,223.17,0.0,completed,2026-01-28T17:43:17
343,2040,314.78,31.48,completed,2026-04-09T06:43:39
344,2042,307.86,46.18,completed,2026-02-26T08:15:00
345,2045,232.25,0.0,completed,2026-04-22T16:30:20
346,2046,189.57,18.96,completed,2026-06-03T22:52:24
347,2055,396.45,0.0,completed,2026-05-14T02:23:55
348,2061,327.27,0.0,completed,2026-03-13T14:24:29
349,2069,253.65,38.05,completed,2026-03-19T12:24:09
350,2072,468.31,70.25,completed,2026-04-21T02:47:18
351,2074,213.64,32.05,completed,2026-03-11T01:10:32
352,2077,366.82,36.68,completed,2026-01-18T05:08:52
353,2078,25.82,0.0,completed,2026-02-20T02:48:24
354,2092,406.17,40.62,completed,2026-04-12T18:22:25
355,2100,182.56,0.0,completed,2026-05-12T03:40:38
356,2116,247.77,37.17,completed,2026-01-12T09:30:01
357,2117,164.14,0.0,completed,2026-06-05T18:23:59
358,2118,414.32,0.0,completed,2026-05-29T08:34:16
359,2122,226.16,22.62,completed,2026-04-10T17:55:21
360,2148,475.51,0.0,completed,2026-04-18T02:51:21
361,2153,112.39,11.24,completed,2026-02-18T15:44:15
362,2159,367.67,0.0,completed,2026-01-29T22:09:26
363,2162,49.47,0.0,completed,2026-05-06T15:26:27
364,2163,389.15,58.37,completed,2026-02-22T13:16:56
365,2171,109.94,10.99,completed,2026-03-25T22:58:35
366,2177,37.58,0.0,completed,2026-05-21T14:54:08
367,2198,145.35,0.0,completed,2026-01-19T07:43:35
368,2206,91.01,13.65,completed,2026-05-10T20:27:48
369,2210,79.01,11.85,completed,2026-01-23T11:55:33
370,2211,296.88,0.0,completed,2026-02-28T10:32:42
371,2220,196.76,29.51,completed,2026-04-15T09:19:01
372,2240,122.58,12.26,completed,2026-06-02T03:55:58
373,2241,390.5,39.05,completed,2026-01-15T02:28:38
374,2242,498.53,0.0,completed,2026-03-01T12:42:30
375,2243,182.09,0.0,completed,2026-02-25T19:47:32
376,2245,42.25,0.0,completed,2026-03-28T07:40:59
377,2254,79.59,0.0,completed,2026-05-16T04:35:02
378,2260,204.37,0.0,completed,2026-04-27T03:05:33
379,2264,486.72,0.0,completed,2026-01-06T17:39:09
380,2281,449.94,67.49,completed,2026-06-10T04:12:46
381,2283,378.01,56.7,completed,2026-04-16T21:17:38
382,2289,134.23,13.42,completed,2026-01-27T02:47:10
383,2296,487.37,0.0,completed,2026-05-31T18:01:11
384,2298,498.04,74.71,completed,2026-03-01T17:24:56
385,2302,127.48,12.75,completed,2026-04-04T00:33:34
386,2311,263.62,0.0,completed,2026-05-22T20:13:41
387,2320,184.46,18.45,completed,2026-01-08T21:16:10
388,2333,237.76,23.78,completed,2026-01-10T03:02:23
389,2345,59.83,8.97,completed,2026-03-15T05:41:08
390,2348,117.96,17.69,completed,2026-03-25T10:13:13
391,2354,88.74,0.0,completed,2026-05-20T03:56:08
392,2369,179.66,17.97,completed,2026-05-07T07:19:51
393,2378,49.22,0.0,completed,2026-04-06T21:41:22
394,2382,333.8,0.0,completed,2026-05-31T23:31:42
395,2383,312.17,0.0,completed,2026-01-02T18:35:30
396,2384,356.19,53.43,completed,2026-02-08T23:18:07
397,2389,332.3,33.23,completed,2026-02-19T13:33:21
398,2401,452.54,45.25,completed,2026-01-06T13:23:08
399,2407,396.13,0.0,completed,2026-04-29T13:09:07
400,2409,368.85,36.89,completed,2026-05-06T05:36:33
401,2413,187.49,18.75,completed,2026-04-13T05:16:45
402,2414,499.88,0.0,completed,2026-06-02T08:40:01
403,2425,67.8,0.0,completed,2026-04-08T19:44:47
404,2439,331.02,0.0,completed,2026-02-16T06:33:36
405,2440,288.65,0.0,completed,2026-05-08T22:01:37
406,2447,469.07,70.36,completed,2026-06-13T10:02:39
407,2451,492.81,73.92,completed,2026-04-13T17:53:32
408,2462,218.58,0.0,completed,2026-04-13T15:02:35
409,2466,73.11,0.0,completed,2026-01-24T10:30:37
410,2471,334.91,33.49,completed,2026-03-25T11:47:03
411,2472,435.29,65.29,completed,2026-05-29T08:20:03
412,2477,323.66,32.37,completed,2026-06-12T05:58:26
413,2478,385.78,57.87,completed,2026-04-19T06:03:11
414,2502,460.06,46.01,completed,2026-05-12T03:02:27
415,2509,369.87,55.48,completed,2026-04-26T21:17:16
416,2514,104.35,0.0,completed,2026-02-24T05:18:07
417,2516,161.83,16.18,completed,2026-05-23T21:39:45
418,2522,229.24,34.39,completed,2026-05-31T12:37:53
419,2524,412.61,41.26,completed,2026-02-27T09:09:51
420,2549,242.63,0.0,completed,2026-01-16T02:16:36
421,2551,408.64,40.86,completed,2026-04-23T02:01:36
422,2561,38.68,5.8,completed,2026-02-08T13:42:03
423,2562,165.75,0.0,completed,2026-02-26T22:25:57
424,2563,233.85,35.08,completed,2026-06-11T09:34:58
425,2577,479.55,0.0,completed,2026-03-01T21:57:53
426,2582,48.48,7.27,completed,2026-04-06T21:45:21
427,2587,426.33,42.63,completed,2026-04-06T07:10:00
428,2588,142.45,21.37,completed,2026-06-12T12:02:00
429,2590,294.23,44.13,completed,2026-02-26T09:30:54
430,2597,57.31,8.6,completed,2026-02-15T01:05:44
431,2598,97.81,0.0,completed,2026-06-02T04:09:58
432,2603,44.17,4.42,completed,2026-05-01T05:54:44
433,2607,81.18,0.0,completed,2026-05-03T05:09:03
434,2610,37.34,0.0,completed,2026-02-20T22:09:43
435,2619,404.7,0.0,completed,2026-05-19T08:13:39
436,2628,267.05,0.0,completed,2026-03-29T20:44:44
437,2632,127.96,12.8,completed,2026-03-14T14:20:56
438,2638,57.96,5.8,completed,2026-06-02T16:33:51
439,2641,462.87,0.0,completed,2026-04-06T18:33:25
440,2657,173.5,0.0,completed,2026-02-08T16:03:43
441,2660,268.69,40.3,completed,2026-01-09T06:16:12
442,2664,352.88,0.0,completed,2026-05-14T19:47:11
443,2666,398.2,0.0,completed,2026-01-24T01:44:29
444,2667,190.03,0.0,completed,2026-02-21T12:11:06
445,2680,399.56,0.0,completed,2026-05-27T23:39:42
446,2702,443.71,44.37,completed,2026-03-11T18:36:39
447,2704,119.06,11.91,completed,2026-02-15T11:31:07
448,2710,216.76,0.0,completed,2026-03-08T08:46:28
449,2711,310.61,46.59,completed,2026-05-24T05:18:14
450,2720,345.22,51.78,completed,2026-04-02T16:54:38
451,2722,60.63,0.0,completed,2026-04-03T17:28:12
452,2724,215.16,0.0,completed,2026-02-04T02:03:15
453,2727,445.34,0.0,completed,2026-02-06T19:04:17
454,2737,46.9,0.0,completed,2026-03-22T08:06:47
455,2738,460.59,0.0,completed,2026-05-23T09:01:31
456,2740,160.48,16.05,completed,2026-01-05T02:38:45
457,2743,327.11,0.0,completed,2026-06-09T20:08:55
458,2751,140.87,14.09,completed,2026-06-11T07:47:09
459,2762,280.51,0.0,completed,2026-02-10T11:45:09
460,2778,313.05,46.96,completed,2026-01-31T19:36:46
461,2784,216.71,0.0,completed,2026-02-20T03:56:35
462,2792,322.93,48.44,completed,2026-05-04T14:06:47
463,2804,437.54,0.0,completed,2026-04-07T11:53:52
464,2818,20.26,0.0,completed,2026-02-15T08:43:53
465,2824,416.22,41.62,completed,2026-01-05T11:33:18
466,2832,467.3,46.73,completed,2026-02-15T06:03:11
467,2840,424.02,0.0,completed,2026-03-24T17:29:10
468,2847,59.91,0.0,completed,2026-05-06T16:43:01
469,2855,210.11,21.01,completed,2026-06-01T12:46:59
470,2856,33.92,0.0,completed,2026-04-21T09:06:21
471,2880,258.17,38.73,completed,2026-02-22T12:13:57
472,2882,174.44,26.17,completed,2026-04-01T08:00:39
473,2883,200.28,30.04,completed,2026-03-16T14:51:15
474,2885,305.36,45.8,completed,2026-05-11T07:39:31
475,2891,382.39,0.0,completed,2026-05-11T03:25:40
476,2893,386.5,38.65,completed,2026-06-05T20:53:58
477,2895,446.37,0.0,completed,2026-05-19T00:06:29
478,2899,26.68,2.67,completed,2026-05-12T07:55:14
479,2901,100.09,0.0,completed,2026-04-18T00:20:34
480,2911,123.25,18.49,completed,2026-01-14T01:21:19
481,2915,403.01,0.0,completed,2026-06-04T10:10:03
482,2922,184.31,0.0,completed,2026-03-17T04:20:23
483,2927,300.49,30.05,completed,2026-05-23T00:52:08
484,2936,476.28,0.0,completed,2026-03-25T07:26:34
485,2939,28.72,4.31,completed,2026-04-02T10:09:56
486,2940,294.43,0.0,completed,2026-04-14T14:24:37
487,2945,306.43,30.64,completed,2026-05-21T13:39:16
488,2961,45.82,0.0,completed,2026-01-16T14:47:11
489,2968,403.3,0.0,completed,2026-01-28T19:14:21
490,2977,45.75,6.86,completed,2026-03-19T04:17:15
491,2980,313.98,0.0,completed,2026-03-12T09:50:52
492,2999,285.21,0.0,completed,2026-01-15T22:23:29
493,3007,404.41,40.44,completed,2026-05-22T12:03:29
494,3012,160.56,0.0,completed,2026-01-29T19:43:55
495,3014,195.07,29.26,completed,2026-02-28T01:18:06
496,3018,377.34,0.0,completed,2026-05-30T14:03:07
497,3019,290.14,0.0,completed,2026-04-25T15:30:51
498,3034,197.85,0.0,completed,2026-05-14T12:46:43
499,3040,421.9,63.28,completed,2026-05-15T08:18:54
500,3066,191.61,0.0,completed,2026-02-10T11:21:15
501,3069,112.52,0.0,completed,2026-05-24T09:53:50
502,3079,77.82,0.0,completed,2026-04-09T04:06:57
503,3082,68.18,0.0,completed,2026-03-26T11:09:20
504,3089,183.34,18.33,completed,2026-05-23T13:31:06
505,3095,370.08,55.51,completed,2026-02-14T06:04:22
506,3096,106.53,0.0,completed,2026-03-18T14:20:35
507,3113,41.6,4.16,completed,2026-04-19T22:22:50
508,3114,61.54,9.23,completed,2026-05-02T11:03:21
509,3115,233.74,23.37,completed,2026-02-14T09:53:11
510,3119,147.79,0.0,completed,2026-01-11T08:53:29
511,3121,27.68,0.0,completed,2026-02-14T02:34:46
512,3125,206.1,0.0,completed,2026-03-31T13:25:57
513,3127,463.76,0.0,completed,2026-05-13T23:47:36
514,3156,42.26,6.34,completed,2026-02-06T20:41:05
515,3162,223.03,0.0,completed,2026-06-14T20:38:40
516,3189,162.8,24.42,completed,2026-01-22T04:17:25
517,3200,383.69,38.37,completed,2026-04-15T04:08:33
518,3201,54.82,0.0,completed,2026-03-05T09:40:16
519,3203,338.36,0.0,completed,2026-01-19T15:31:03
520,3205,161.08,16.11,completed,2026-05-04T06:22:29
521,3215,448.29,0.0,completed,2026-06-15T16:01:30
522,3229,98.24,14.74,completed,2026-01-26T03:30:34
523,3236,200.44,0.0,completed,2026-04-15T05:04:26
524,3242,31.19,3.12,completed,2026-02-12T02:00:47
525,3246,476.87,0.0,completed,2026-05-07T09:51:20
526,3256,231.22,0.0,completed,2026-01-24T13:40:51
527,3261,226.25,33.94,completed,2026-04-12T13:56:59
528,3270,467.86,0.0,completed,2026-06-01T20:20:16
529,3281,314.89,0.0,completed,2026-01-01T06:44:23
530,3284,86.11,0.0,completed,2026-04-22T15:59:48
531,3291,337.68,0.0,completed,2026-06-08T11:01:20
532,3292,448.73,0.0,completed,2026-04-22T09:22:08
533,3311,142.57,0.0,completed,2026-05-16T04:27:43
534,3315,443.31,44.33,completed,2026-01-11T23:13:28
535,3316,371.03,0.0,completed,2026-02-24T16:50:26
536,3317,227.96,0.0,completed,2026-03-13T23:13:13
537,3329,422.77,42.28,completed,2026-05-14T23:19:12
538,3336,193.67,19.37,completed,2026-04-30T17:41:09
539,3355,338.12,50.72,completed,2026-04-10T17:47:57
540,3356,265.3,39.8,completed,2026-04-27T01:24:45
541,3360,441.04,0.0,completed,2026-01-09T11:17:41
542,3361,486.49,48.65,completed,2026-03-13T08:11:19
543,3362,331.12,33.11,completed,2026-01-14T21:07:44
544,3368,173.26,0.0,completed,2026-04-20T10:01:01
545,3376,156.05,0.0,completed,2026-04-10T05:55:07
546,3391,121.42,12.14,completed,2026-03-19T09:01:25
547,3400,374.69,0.0,completed,2026-05-01T07:23:04
548,3401,239.83,35.97,completed,2026-05-29T06:18:22
549,3402,137.05,20.56,completed,2026-01-17T05:04:44
550,3413,171.22,17.12,completed,2026-01-25T09:59:09
551,3416,65.89,0.0,completed,2026-02-03T05:51:11
552,3433,434.44,65.17,completed,2026-06-01T04:28:06
553,3434,177.69,26.65,completed,2026-05-21T07:29:17
554,3442,78.79,7.88,completed,2026-05-23T04:33:46
555,3443,297.51,0.0,completed,2026-03-18T14:34:11
556,3448,35.77,5.37,completed,2026-04-16T22:05:35
557,3450,150.51,22.58,completed,2026-05-30T01:57:48
558,3465,276.14,27.61,completed,2026-05-14T18:00:41
559,3470,217.26,32.59,completed,2026-01-13T02:54:15
560,3472,194.38,29.16,completed,2026-02-14T20:40:47
561,3487,368.62,36.86,completed,2026-04-02T19:46:38
562,3488,340.17,34.02,completed,2026-02-28T12:05:50
563,3492,456.82,45.68,completed,2026-05-19T01:03:04
564,3494,321.83,0.0,completed,2026-03-09T09:39:35
565,3497,364.99,36.5,completed,2026-01-30T21:18:06
566,3498,185.35,27.8,completed,2026-04-14T19:45:00
567,3503,64.75,0.0,completed,2026-04-06T15:06:02
568,3504,265.77,0.0,completed,2026-03-18T19:06:35
569,3509,171.36,17.14,completed,2026-03-26T10:24:55
570,3512,59.63,0.0,completed,2026-06-08T10:52:38
571,3517,190.38,0.0,completed,2026-02-23T16:03:53
572,3523,235.76,0.0,completed,2026-01-17T16:56:23
573,3529,174.15,0.0,completed,2026-02-02T00:59:36
574,3537,428.7,64.3,completed,2026-01-19T06:18:16
575,3546,82.21,12.33,completed,2026-01-06T09:35:40
576,3549,86.47,0.0,completed,2026-06-07T14:46:49
577,3553,313.26,0.0,completed,2026-05-14T09:53:41
578,3555,212.1,31.81,completed,2026-05-26T22:54:17
579,3557,92.74,0.0,completed,2026-04-20T06:09:07
580,3558,483.05,0.0,completed,2026-05-13T09:41:58
581,3563,197.4,0.0,completed,2026-05-26T23:02:03
582,3567,50.66,7.6,completed,2026-01-10T09:25:40
583,3577,485.43,0.0,completed,2026-04-16T02:39:55
584,3578,281.81,0.0,completed,2026-06-14T17:13:37
585,3591,24.14,0.0,completed,2026-05-04T20:41:58
586,3592,123.97,0.0,completed,2026-02-06T23:03:17
587,3599,144.02,0.0,completed,2026-06-09T06:53:11
588,3621,232.87,34.93,completed,2026-01-13T19:56:14
589,3637,85.08,8.51,completed,2026-04-29T09:46:37
590,3647,207.88,0.0,completed,2026-01-28T00:05:09
591,3649,204.53,0.0,completed,2026-02-28T06:35:38
592,3660,433.12,64.97,completed,2026-02-25T13:34:53
593,3668,496.55,0.0,completed,2026-01-02T07:44:59
594,3669,169.59,16.96,completed,2026-06-12T00:28:21
595,3677,463.12,46.31,completed,2026-06-10T02:46:14
596,3679,424.85,0.0,completed,2026-01-28T13:38:12
597,3681,265.36,39.8,completed,2026-03-07T03:20:48
598,3685,231.54,0.0,completed,2026-05-19T05:07:52
599,3691,144.21,0.0,completed,2026-01-17T03:54:21
600,3694,300.58,45.09,completed,2026-05-04T03:52:41
601,3695,225.13,0.0,completed,2026-03-28T03:07:28
602,3696,210.59,0.0,completed,2026-05-06T08:01:39
603,3697,266.65,40.0,completed,2026-04-28T13:58:30
604,3700,445.79,44.58,completed,2026-04-08T00:00:33
605,3704,283.74,0.0,completed,2026-03-03T13:43:32
606,3705,96.65,0.0,completed,2026-03-22T03:24:15
607,3706,114.55,0.0,completed,2026-05-21T05:32:50
608,3718,387.16,58.07,completed,2026-02-06T13:24:37
609,3722,118.3,0.0,completed,2026-01-18T09:28:50
610,3723,320.58,0.0,completed,2026-01-29T03:00:29
611,3727,347.8,0.0,completed,2026-05-22T17:58:14
612,3734,47.3,0.0,completed,2026-03-06T18:39:57
613,3750,420.14,0.0,completed,2026-02-07T10:58:57
614,3754,390.83,39.08,completed,2026-03-01T18:47:16
615,3774,379.69,0.0,completed,2026-01-19T00:50:12
616,3778,91.42,0.0,completed,2026-06-09T07:59:50
617,3779,268.35,0.0,completed,2026-05-12T23:21:17
618,3804,268.3,26.83,completed,2026-04-07T09:41:50
619,3810,321.86,32.19,completed,2026-01-14T06:56:27
620,3811,482.24,0.0,completed,2026-04-07T23:56:45
621,3814,278.33,0.0,completed,2026-02-14T21:35:56
622,3816,261.17,26.12,completed,2026-04-06T19:26:43
623,3818,438.62,0.0,completed,2026-03-03T15:33:29
624,3841,69.49,0.0,completed,2026-03-18T10:01:08
625,3847,440.88,0.0,completed,2026-04-04T20:19:44
626,3855,367.39,0.0,completed,2026-03-22T04:39:57
627,3857,62.22,0.0,completed,2026-01-10T06:12:51
628,3861,372.2,0.0,completed,2026-03-29T04:12:26
629,3872,364.26,0.0,completed,2026-04-29T03:18:39
630,3882,112.89,16.93,completed,2026-02-05T18:10:56
631,3884,370.53,37.05,completed,2026-06-07T00:22:32
632,3887,369.78,0.0,completed,2026-01-24T23:35:30
633,3890,338.5,0.0,completed,2026-02-08T19:06:10
634,3891,120.64,18.1,completed,2026-05-18T00:57:48
635,3894,180.67,0.0,completed,2026-02-26T15:26:46
636,3899,397.82,0.0,completed,2026-06-08T15:36:16
637,3906,262.95,0.0,completed,2026-03-07T13:50:44
638,3927,432.13,0.0,completed,2026-05-25T05:18:46
639,3928,79.99,0.0,completed,2026-03-03T10:04:07
640,3934,285.29,28.53,completed,2026-03-22T04:24:55
641,3935,397.96,39.8,completed,2026-05-05T12:08:32
642,3939,40.04,0.0,completed,2026-03-04T09:16:35
643,3947,122.91,0.0,completed,2026-06-02T13:11:31
644,3953,424.87,0.0,completed,2026-01-14T14:52:46
645,3971,309.78,0.0,completed,2026-05-04T13:15:34
646,3973,260.48,0.0,completed,2026-05-20T17:03:33
647,3982,372.79,0.0,completed,2026-03-29T05:34:50
648,3986,185.68,0.0,completed,2026-03-21T11:07:16
649,3993,144.26,21.64,completed,2026-06-12T20:44:37
650,3996,399.8,59.97,completed,2026-06-13T15:57:15
651,3997,450.51,0.0,completed,2026-05-08T09:04:21
652,4007,36.21,5.43,completed,2026-04-15T02:22:33
653,4008,448.68,67.3,completed,2026-04-23T19:32:29
654,4010,306.6,0.0,completed,2026-01-22T01:37:48
655,4012,465.96,46.6,completed,2026-02-19T21:58:15
656,4031,169.87,0.0,completed,2026-05-01T00:10:20
657,4033,85.99,0.0,completed,2026-04-03T09:32:17
658,4038,210.99,0.0,completed,2026-05-27T11:41:31
659,4039,148.59,14.86,completed,2026-03-08T10:37:38
660,4043,114.9,17.23,completed,2026-02-08T18:37:53
661,4051,322.24,32.22,completed,2026-05-03T06:05:48
662,4057,249.38,0.0,completed,2026-05-26T09:09:38
663,4061,108.49,0.0,completed,2026-03-27T04:38:15
664,4075,301.99,30.2,completed,2026-05-27T07:48:12
665,4078,422.36,0.0,completed,2026-03-05T01:08:30
666,4079,141.68,14.17,completed,2026-04-19T09:15:54
667,4080,43.13,0.0,completed,2026-02-10T01:24:14
668,4081,259.36,25.94,completed,2026-01-08T15:54:05
669,4089,423.15,63.47,completed,2026-02-14T16:49:41
670,4100,303.78,30.38,completed,2026-04-01T14:08:38
671,4101,94.92,14.24,completed,2026-05-18T05:33:30
672,4103,127.17,0.0,completed,2026-06-11T06:38:13
673,4108,401.89,60.28,completed,2026-01-26T02:36:19
674,4113,429.01,0.0,completed,2026-02-11T13:15:23
675,4114,303.13,0.0,completed,2026-04-06T09:30:20
676,4116,201.2,30.18,completed,2026-05-07T12:49:29
677,4121,177.11,26.57,completed,2026-05-14T20:00:24
678,4126,152.2,0.0,completed,2026-01-30T05:22:37
679,4132,60.93,6.09,completed,2026-03-09T03:47:48
680,4136,382.7,0.0,completed,2026-02-24T09:13:02
681,4145,378.94,37.89,completed,2026-04-26T00:47:14
682,4150,270.11,40.52,completed,2026-01-10T13:08:18
683,4154,168.77,0.0,completed,2026-04-24T15:57:55
684,4164,93.07,0.0,completed,2026-03-19T13:53:58
685,4171,234.97,0.0,completed,2026-03-09T12:28:25
686,4188,311.62,46.74,completed,2026-01-08T04:21:26
687,4194,384.86,0.0,completed,2026-02-17T19:35:48
688,4205,328.88,0.0,completed,2026-04-02T16:03:37
689,4209,139.64,0.0,completed,2026-02-22T06:10:50
690,4213,235.61,0.0,completed,2026-05-20T11:18:11
691,4215,177.07,17.71,completed,2026-04-21T06:49:25
692,4216,278.13,27.81,completed,2026-01-05T12:05:05
693,4223,472.58,70.89,completed,2026-03-05T07:03:00
694,4225,163.68,24.55,completed,2026-03-26T17:10:06
695,4226,28.72,4.31,completed,2026-01-01T18:17:18
696,4228,490.22,0.0,completed,2026-03-26T11:19:44
697,4240,28.79,2.88,completed,2026-01-28T21:21:50
698,4247,421.81,63.27,completed,2026-05-07T08:33:57
699,4271,353.29,35.33,completed,2026-02-05T22:00:25
700,4274,494.54,0.0,completed,2026-05-30T07:54:22
701,4288,37.82,5.67,completed,2026-04-24T11:30:43
702,4294,444.54,0.0,completed,2026-02-10T06:07:26
703,4295,255.68,38.35,completed,2026-03-13T05:38:49
704,4296,352.98,0.0,completed,2026-02-07T01:34:12
705,4297,221.16,22.12,completed,2026-02-12T13:45:35
706,4304,266.07,0.0,completed,2026-02-09T17:28:09
707,4305,183.97,27.6,completed,2026-01-19T22:50:48
708,4313,331.45,0.0,completed,2026-04-13T16:04:57
709,4328,200.83,0.0,completed,2026-05-27T21:47:28
710,4332,142.64,14.26,completed,2026-03-28T16:34:10
711,4339,220.92,0.0,completed,2026-05-17T01:05:48
712,4349,161.56,0.0,completed,2026-05-01T10:27:17
713,4353,222.53,22.25,completed,2026-02-09T09:02:33
714,4362,162.3,0.0,completed,2026-03-26T16:34:24
715,4363,358.35,53.75,completed,2026-05-14T05:30:08
716,4366,125.71,0.0,completed,2026-03-15T15:05:02
717,4372,415.46,41.55,completed,2026-03-10T14:14:47
718,4395,242.09,24.21,completed,2026-01-19T11:08:24
719,4400,274.2,0.0,completed,2026-04-04T05:00:59
720,4408,364.85,0.0,completed,2026-01-24T06:00:45
721,4413,319.24,0.0,completed,2026-05-09T22:32:30
722,4418,415.76,0.0,completed,2026-05-29T12:52:26
723,4424,96.27,0.0,completed,2026-01-10T11:01:55
724,4437,381.27,38.13,completed,2026-04-18T06:24:11
725,4445,194.76,19.48,completed,2026-03-03T17:10:02
726,4448,164.92,0.0,completed,2026-02-13T18:37:30
727,4449,122.8,18.42,completed,2026-03-06T02:32:28
728,4452,375.93,0.0,completed,2026-03-28T22:49:17
729,4454,343.79,51.57,completed,2026-03-11T20:52:20
730,4458,46.57,4.66,completed,2026-02-23T13:00:33
731,4459,215.07,21.51,completed,2026-01-06T18:21:16
732,4468,122.17,0.0,completed,2026-03-23T18:20:14
733,4471,374.45,0.0,completed,2026-06-09T09:49:41
734,4486,331.9,0.0,completed,2026-02-07T10:24:11
735,4498,152.56,0.0,completed,2026-03-29T12:29:28
736,4504,90.39,0.0,completed,2026-03-08T01:55:24
737,4510,131.88,0.0,completed,2026-05-08T21:20:11
738,4512,385.6,0.0,completed,2026-01-09T06:56:28
739,4519,322.03,48.3,completed,2026-06-08T21:19:27
740,4520,83.74,0.0,completed,2026-06-04T13:42:33
741,4522,65.41,6.54,completed,2026-05-13T06:52:13
742,4528,101.07,0.0,completed,2026-01-01T07:42:21
743,4529,219.02,21.9,completed,2026-04-13T08:07:43
744,4536,309.54,30.95,completed,2026-01-17T13:51:25
745,4549,41.64,6.25,completed,2026-02-24T16:11:25
746,4560,387.88,0.0,completed,2026-04-13T00:15:52
747,4566,56.87,0.0,completed,2026-05-28T13:43:28
748,4572,279.63,41.94,completed,2026-05-07T11:42:35
749,4573,48.58,7.29,completed,2026-02-16T13:59:47
750,4575,370.34,0.0,completed,2026-04-21T02:02:41
751,4577,338.12,50.72,completed,2026-02-04T01:36:50
752,4579,98.37,0.0,completed,2026-05-27T13:04:35
753,4587,166.42,0.0,completed,2026-05-27T20:11:31
754,4589,185.79,0.0,completed,2026-03-15T14:34:48
755,4603,361.33,0.0,completed,2026-06-09T07:27:42
756,4615,52.45,7.87,completed,2026-03-21T09:56:11
757,4616,130.59,0.0,completed,2026-02-17T17:10:21
758,4627,33.68,0.0,completed,2026-03-12T19:08:28
759,4628,361.49,36.15,completed,2026-06-12T09:23:18
760,4633,146.74,0.0,completed,2026-02-23T06:16:10
761,4642,452.06,67.81,completed,2026-04-03T20:46:53
762,4643,147.02,14.7,completed,2026-03-11T17:31:14
763,4650,70.11,10.52,completed,2026-03-08T05:13:39
764,4656,312.7,31.27,completed,2026-04-14T03:32:55
765,4658,476.37,0.0,completed,2026-01-20T08:46:38
766,4661,107.12,0.0,completed,2026-04-08T14:48:36
767,4666,66.02,9.9,completed,2026-05-06T14:09:07
768,4675,147.24,22.09,completed,2026-04-24T20:56:24
769,4677,232.49,0.0,completed,2026-06-15T01:54:40
770,4702,393.68,0.0,completed,2026-05-08T14:08:32
771,4708,76.49,11.47,completed,2026-03-09T19:17:30
772,4714,457.8,0.0,completed,2026-06-08T19:58:03
773,4718,435.86,43.59,completed,2026-01-16T05:52:29
774,4726,479.21,47.92,completed,2026-05-12T04:36:59
775,4735,84.37,0.0,completed,2026-04-05T10:41:32
776,4739,178.85,17.89,completed,2026-06-02T15:48:02
777,4741,336.32,50.45,completed,2026-01-28T13:36:08
778,4742,234.44,0.0,completed,2026-05-31T07:30:57
779,4755,399.23,0.0,completed,2026-05-20T11:50:43
780,4756,359.92,0.0,completed,2026-04-05T06:20:02
781,4764,177.09,0.0,completed,2026-05-07T20:01:27
782,4773,130.59,13.06,completed,2026-04-09T17:40:08
783,4782,227.02,22.7,completed,2026-03-06T05:11:03
784,4786,436.66,65.5,completed,2026-06-10T08:21:58
785,4791,426.68,64.0,completed,2026-03-17T19:02:49
786,4800,222.07,0.0,completed,2026-01-06T13:57:09
787,4803,56.49,0.0,completed,2026-04-22T17:40:02
788,4814,155.27,23.29,completed,2026-02-19T14:53:55
789,4819,476.88,0.0,completed,2026-04-27T12:47:28
790,4820,194.28,0.0,completed,2026-03-03T00:57:44
791,4842,370.79,55.62,completed,2026-05-15T13:49:30
792,4848,122.19,0.0,completed,2026-05-26T13:46:36
793,4850,102.4,0.0,completed,2026-05-03T11:23:15
794,4864,52.38,5.24,completed,2026-05-29T21:07:17
795,4865,75.07,0.0,completed,2026-06-01T15:25:39
796,4872,360.34,54.05,completed,2026-04-17T05:09:58
797,4877,374.31,0.0,completed,2026-04-02T03:34:12
798,4878,454.61,45.46,completed,2026-03-16T20:15:31
799,4879,114.59,17.19,completed,2026-01-22T16:55:58
800,4882,165.93,0.0,completed,2026-05-02T17:19:36
801,4884,123.87,12.39,completed,2026-06-05T08:41:07
802,4888,280.38,42.06,completed,2026-05-12T16:34:25
803,4903,430.15,0.0,completed,2026-01-14T00:24:53
804,4905,377.57,0.0,completed,2026-02-05T11:26:11
805,4917,55.02,5.5,completed,2026-01-19T07:43:59
806,4929,137.2,20.58,completed,2026-01-31T03:06:10
807,4940,115.65,0.0,completed,2026-01-06T10:02:25
808,4953,278.88,27.89,completed,2026-03-23T16:30:39
809,4954,133.06,0.0,completed,2026-02-05T01:32:57
810,4955,238.92,0.0,completed,2026-03-22T08:10:26
811,4956,46.48,4.65,completed,2026-06-12T02:58:22
812,4960,345.99,0.0,completed,2026-02-04T03:57:59
813,4962,27.5,2.75,completed,2026-03-17T12:15:44
814,4968,274.45,41.17,completed,2026-01-08T14:24:08
815,4974,450.82,67.62,completed,2026-04-06T03:41:50
816,4979,212.97,0.0,completed,2026-01-07T20:17:01
817,4984,498.44,49.84,completed,2026-05-17T09:03:52
818,4997,445.26,44.53,completed,2026-03-16T21:00:24
